Show,OriginalRating,NewRating,NewRank,NotionURL
Rome,9.3,9.6,2,https://www.notion.so/3af702c0f74081529ef2d7391d3cf8e6
Chernobyl,9.5,9.6,3,https://www.notion.so/e572ad5931e3455c9dc3c5762a17f24c
Last of Us,9.6,9.5,4,https://www.notion.so/1afcc0e8dbfd40f7853147088cfdfc33
Shōgun,9.6,9.5,5,https://www.notion.so/167702c0f740801eb94fcf5de3c9f25b
Suits,8.5,9.3,6,https://www.notion.so/dc689022a3e048088726a08eca3f94e3
How I Met Your Mother,8.5,9.3,7,https://www.notion.so/049bc70ab8344fffb2d11ef754ce1715
The Dropout,8.4,9.2,8,https://www.notion.so/b7e09dcda0fa43e189b5c3db905a9334
Breaking Bad,8.8,9.2,9,https://www.notion.so/689cedaa1e964af4aa2b526d82806243
F.R.I.E.N.D.S,8.6,8.9,11,https://www.notion.so/fb3c572880d4416280619fbfee973ef6
Genius (Einstien),9.3,8.8,12,https://www.notion.so/cea8f603d41c434b8916dda15c980294
Naruto (Shippuden Only),9.5,8.6,13,https://www.notion.so/4c2902bf1ae24e0a80ee47ea01f1cc72
Farzi,8.3,8.6,14,https://www.notion.so/960f9096abb84cd18df478bcd4a09c35
Scam 1992,9.2,8.5,15,https://www.notion.so/2b9a17ca29e44f8fa6ce7cdbd31baad2
Adarsh Baal Vidyalaya,8.9,8.5,16,https://www.notion.so/3af702c0f740817487a4f88c422b3e1e
Twinkling Watermelon,8.6,8.4,17,https://www.notion.so/fefab2b3623f4e6d965494aeb1e94c70
The Boys,8.2,8.4,18,https://www.notion.so/9f099584567a432bb984b6791459bd62
Riverdale,7.2,8.3,19,https://www.notion.so/58fcf1ce4feb4f03a51bdf0732dc008a
The Family Man,7.9,8.3,20,https://www.notion.so/df9d4bac2207423b9d8adb81dbe31c17
A Knight of Seven Kingdoms,9.2,8.3,21,https://www.notion.so/310702c0f740803c936fc37563bac262
Brooklyn Nine-Nine,8.2,8.3,23,https://www.notion.so/c21ffe72624c462680807dbd0666608a
Dopesick,8.0,8.3,24,https://www.notion.so/132702c0f74080719e94fa0c585b0145
Mirzapur,8.3,8.2,25,https://www.notion.so/ef9326b4cfa64af3aaa88e47883e8f6c
Money Heist,8.3,8.2,26,https://www.notion.so/25fbfa71db104849809918ff3902046f
Modern Family,7.9,8.2,27,https://www.notion.so/1fea11b0820e4608948d13922dedf73f
True Detective,8.1,8.2,28,https://www.notion.so/a3b94babb4164ccb90e98dcfab106cd9
Full Metal Alchemist Brotherhood,8.0,8.2,30,https://www.notion.so/044e81fde65946e08ed1c21d8b5d8f78
The OC (Orange County),8.4,8.1,31,https://www.notion.so/e0a32953d8fb4e5db86212f069a211d4
The Night Manager (Indian),8.2,8.0,32,https://www.notion.so/8359f7c9f96248d89debf68224ce0548
Sherlock,7.8,8.0,33,https://www.notion.so/5664aaa7782f45f8a45564a183d8979b
The Big Bang Theory,8.2,8.0,34,https://www.notion.so/1f2b45dd44814c25aad71d6de334d992
Pritam and Pedro,8.2,8.0,35,https://www.notion.so/3af702c0f7408170b9daf0529ea61213
Peaky Blinders,8.3,7.9,36,https://www.notion.so/0fcd41213f714f68aa4ef17043b9cbbf
House M.D,7.8,7.9,37,https://www.notion.so/132702c0f740809ba476f106c04b9385
Percy Jackson,7.0,7.9,38,https://www.notion.so/a7648132d3f34767bef65f6c88dc9ae0
Off Campus,8.0,7.9,39,https://www.notion.so/3af702c0f74081a39b50e59cf0dca96a
The Witcher,7.4,7.8,40,https://www.notion.so/7066d57a9ecb4540a3e8b43ae800a040
Two & A Half Men,7.5,7.8,41,https://www.notion.so/86d05453c4b844de98a77ffb4e548ff0
New Girl,7.9,7.5,42,https://www.notion.so/310702c0f74080ffad94cc41ae49ea3a
The Flash,7.0,7.5,43,https://www.notion.so/1e826ccf32eb40a0bd548ee9658f9eb4
Grey's Anatomy,7.3,7.4,44,https://www.notion.so/09451fb848e543d4b9aad419f205a287
House of Dragon,8.3,7.3,45,https://www.notion.so/37b29167a49e476984f1182446d4e90b
Asur,6.0,7.2,46,https://www.notion.so/08a0f77b4c6749aabeb88c4ce99e3dbf
Modern Love,6.3,7.2,47,https://www.notion.so/7779f84b1219456c82e3c6fe0ba08e01
YellowJackets,7.5,7.0,48,https://www.notion.so/4f76aeef9a0c42efbeba9fda74985539
The Railway Men,7.9,7.0,49,https://www.notion.so/5b69957427a3491ea49723949cd8ac05
The Office,7.2,7.0,50,https://www.notion.so/f9f40ba26b0f4307b815a768c0892bc4
Alias Grace,6.2,7.0,52,https://www.notion.so/9d3a97bf2ae2489dbea9702006bdb5bf
Boku no Hero Academia,8.0,6.9,53,https://www.notion.so/8f4b188174314e1380702b5ea8b69891
Falcon & The Winter Soldier,7.0,6.8,54,https://www.notion.so/7683f1ccd8934d799ab87f8a2da5dea3
Rings of Power,6.0,6.8,55,https://www.notion.so/e8ee2063d6e7429791cb0d9b23688dce
Dark,6.8,6.3,56,https://www.notion.so/16bf7a63707349dea17867aa454d2de6
Dhindhora,6.9,6.2,57,https://www.notion.so/5d92fce03839492183bb7359ea27fc04
Stranger Things,6.8,6.2,58,https://www.notion.so/61490b83108b448485c7e0d0266f4c90
Boruto,7.0,6.0,59,https://www.notion.so/47beb2cf82f84dfabd2761936f12a26e
How I Met Your Father,6.2,6.0,60,https://www.notion.so/73ae383be8784c73991291b08522332e
